Исходный запрос	Подсказки
аварийный спил дерева	аварийный спил деревьев
аренда автовышки	аренда автовышки
аренда автовышки	аренда автовышки 45 метров
аренда автовышки	аренда автовышки в домодедово
аренда автовышки	аренда автовышки в москве
аренда автовышки	аренда автовышки в москве цена за смену
аренда автовышки	аренда автовышки в твери
аренда автовышки	аренда автовышки в челябинске
аренда автовышки	аренда автовышки москва
аренда автовышки	аренда автовышки с люлькой
аренда автовышки	аренда автовышки санкт петербург
аренда автовышки москва	автовышки аренда москва
аренда автовышки москва	аренда автовышки москва
аренда автовышки москва	москва огородный проезд 9а стр 1 аренда автовышки спецтех
аренда измельчителя	аренда измельчителя
аренда измельчителя	аренда измельчителя веток
аренда измельчителя	аренда измельчителя веток в нижнем новгороде
аренда измельчителя	аренда измельчителя веток и древесины
аренда измельчителя	аренда измельчителя веток и древесины московская область
аренда измельчителя	аренда измельчителя веток ижевск
аренда измельчителя	аренда измельчителя деревьев
аренда измельчителя	аренда измельчителя для веток
аренда измельчителя	аренда измельчителя древесины
аренда измельчителя	аренда измельчителя пней
аренда измельчителя веток	аренда измельчителя веток
аренда измельчителя веток	аренда измельчителя веток в краснодаре
аренда измельчителя веток	аренда измельчителя веток в московской области
аренда измельчителя веток	аренда измельчителя веток в нижнем новгороде
аренда измельчителя веток	аренда измельчителя веток в санкт-петербурге
аренда измельчителя веток	аренда измельчителя веток и древесины
аренда измельчителя веток	аренда измельчителя веток и древесины екатеринбург
аренда измельчителя веток	аренда измельчителя веток и древесины московская область
аренда измельчителя веток	аренда измельчителя веток ижевск
аренда измельчителя веток	аренда измельчителя веток пермь
аренда минитрактора	аренда мини трактора для планировки участка
аренда минитрактора	аренда мини трактора с водителем
аренда минитрактора	аренда мини трактора с водителем цена
аренда минитрактора	аренда минитрактора
аренда минитрактора	аренда минитрактора без водителя
аренда минитрактора	аренда минитрактора для вспашки земли
аренда минитрактора	аренда минитрактора для выравнивания участка
аренда минитрактора	аренда минитрактора для уборки снега
аренда минитрактора	аренда минитрактора с ковшом
аренда минитрактора	аренда минитрактора с ковшом цена
аренда самосвала	аренда самосвала
аренда самосвала	аренда самосвала 20 кубов
аренда самосвала	аренда самосвала без водителя
аренда самосвала	аренда самосвала в москве
аренда самосвала	аренда самосвала в москве с водителем
аренда самосвала	аренда самосвала вездехода
аренда самосвала	аренда самосвала москва
аренда самосвала	аренда самосвала с водителем
аренда самосвала	аренда самосвала с водителем цена за час москва
аренда самосвала	аренда самосвала челябинск
валка деревьев	валка деревьев
валка деревьев	валка деревьев гэсн
валка деревьев	валка деревьев мягких пород с корня диаметр стволов до 16 см
валка деревьев	валка деревьев окпд 2
валка деревьев	валка деревьев расценка в смете
валка деревьев	валка деревьев расценка в смете гэсн
валка деревьев	валка деревьев с корня это как
валка деревьев	валка деревьев с помощью лебедки
валка деревьев	валка деревьев с применением автогидроподъемника
валка деревьев	валка деревьев цена за штуку в московской области
валка деревьев частями	валка деревьев частями
валка деревьев частями	валка деревьев частями в ленобласти цена
вывоз бытового мусора	вывоз бытового мусора в москве
вывоз бытового мусора	вывоз бытового мусора в москве из квартиры
вывоз бытового мусора	вывоз бытового мусора из квартиры
вывоз бытового мусора	вывоз бытового мусора из квартиры с грузчиками
вывоз бытового мусора	вывоз бытового мусора казань
вывоз бытового мусора	вывоз бытового мусора красноярск
вывоз бытового мусора	вывоз бытового мусора москва
вывоз бытового мусора	вывоз бытового мусора московская область
вывоз бытового мусора	вывоз бытового мусора спб с грузчиками дешево
вывоз бытового мусора	вывоз бытового мусора ярославль
вывоз веток	вывоз веток
вывоз веток	вывоз веток белгород
вывоз веток	вывоз веток и деревьев с участка
вывоз веток	вывоз веток и деревьев с участка с грузчиками
вывоз веток	вывоз веток и деревьев с участка цена
вывоз веток	вывоз веток с дачного участка в московской области цена
вывоз веток	вывоз веток с придомовой территории
вывоз веток	вывоз веток с участка
вывоз веток	вывоз веток с участка цена московская область
вывоз веток	вывоз веток с участка цена спб и ло
вывоз крупногабаритного мусора	вывоз крупногабаритного мусора в москве
вывоз крупногабаритного мусора	вывоз крупногабаритного мусора екатеринбург
вывоз крупногабаритного мусора	вывоз крупногабаритного мусора из квартиры
вывоз крупногабаритного мусора	вывоз крупногабаритного мусора из квартиры москва
вывоз крупногабаритного мусора	вывоз крупногабаритного мусора мос ру
вывоз крупногабаритного мусора	вывоз крупногабаритного мусора москва
вывоз крупногабаритного мусора	вывоз крупногабаритного мусора московская область
вывоз крупногабаритного мусора	вывоз крупногабаритного мусора новосибирск
вывоз крупногабаритного мусора	вывоз крупногабаритного мусора спб
вывоз крупногабаритного мусора	вывоз крупногабаритного мусора химки
вывоз листвы	вывоз листвы
вывоз листвы	вывоз листвы в мешках
вывоз листвы	вывоз листвы в мешках с дачного участка
вывоз листвы	вывоз листвы косгу
вывоз мусора	вывоз мусора балашиха
вывоз мусора	вывоз мусора в москве
вывоз мусора	вывоз мусора газель
вывоз мусора	вывоз мусора домодедово
вывоз мусора	вывоз мусора контейнер 8 м3 москва
вывоз мусора	вывоз мусора красногорск контейнер
вывоз мусора	вывоз мусора одинцово
вывоз мусора	вывоз мусора подольск
вывоз мусора	вывоз мусора спб с грузчиками
вывоз мусора	вывоз-мусора 24
вывоз мусора 20 кубов	вывоз мусора 20 кубов
вывоз мусора 20 кубов	вывоз мусора 20 кубов цена
вывоз мусора 20 кубов	вывоз мусора контейнер 20 кубов
вывоз мусора 27 кубов	вывоз мусора 27 кубов
вывоз мусора 27 кубов	вывоз мусора контейнер 27 кубов сколько стоит
вывоз мусора 27 кубов	вывоз мусора пухто 27 кубов
вывоз мусора 27 кубов	вывоз мусора пухто 27 кубов цена спб
вывоз мусора 27 кубов	пухто 27 кубов цена в спб вывоз мусора
вывоз мусора 8 кубов	бункер 8 кубов вывоз мусора
вывоз мусора 8 кубов	вывоз мусора 8 кубов
вывоз мусора 8 кубов	вывоз мусора 8 кубов цена
вывоз мусора 8 кубов	вывоз мусора контейнер 8 кубов
вывоз мусора 8 кубов	вывоз мусора контейнер 8 кубов цена
вывоз мусора 8 кубов	вывоз мусора подольск контейнер 8 кубов
вывоз мусора 8 кубов	вывоз строительного мусора 8 кубов
вывоз мусора 8 кубов	контейнер 8 кубов вывоз мусора
вывоз мусора 8 кубов	контейнер вывоз мусора 8 кубов
вывоз мусора 8 кубов	контейнер на 8 кубов на вывоз мусора
вывоз мусора газель	вывоз мусора газель екатеринбург
вывоз мусора газель	вывоз мусора газель москва
вывоз мусора газель	вывоз мусора газель москва дешево
вывоз мусора газель	вывоз мусора газель нижний новгород
вывоз мусора газель	вывоз мусора газель с грузчиками
вывоз мусора газель	вывоз мусора газель самара
вывоз мусора газель	вывоз мусора газель самосвал
вывоз мусора газель	вывоз мусора газель фото
вывоз мусора газель	вывоз мусора газель цена
вывоз мусора газель	вывоз мусора москва недорого газель
вывоз мусора грузчиками	вывоз мусора в москве из квартиры с грузчиками цена недорого
вывоз мусора грузчиками	вывоз мусора из квартиры в москве недорого с грузчиками
вывоз мусора грузчиками	вывоз мусора москва с грузчиками
вывоз мусора грузчиками	вывоз мусора москва с грузчиками из квартиры цена
вывоз мусора грузчиками	вывоз мусора спб с грузчиками
вывоз мусора грузчиками	вывоз строительного мусора в москве недорого из квартиры с грузчиками цена
вывоз мусора грузчиками	вывоз строительного мусора казань с грузчиками недорого
вывоз мусора грузчиками	вывоз строительного мусора с грузчиками
вывоз мусора грузчиками	вывоз строительного мусора химки с грузчиками
вывоз мусора грузчиками	грузовичкофф вывоз мусора с грузчиками
вывоз мусора контейнером	вывоз мусора в мытищах контейнером
вывоз мусора контейнером	вывоз мусора контейнерами
вывоз мусора контейнером	вывоз мусора контейнером
вывоз мусора контейнером	вывоз мусора контейнером 20м3
вывоз мусора контейнером	вывоз мусора контейнером 8 м3
вывоз мусора контейнером	вывоз мусора контейнером 8м3
вывоз мусора контейнером	вывоз мусора контейнером екатеринбург
вывоз мусора контейнером	вывоз мусора контейнером рязань
вывоз мусора контейнером	вывоз мусора контейнером цена
вывоз мусора контейнером	вывоз строительного мусора контейнером
вывоз мусора москва	вывоз мусора москва газель
вывоз мусора москва	вывоз мусора москва контейнер
вывоз мусора москва	вывоз мусора москва контейнер 8 м3 цена
вывоз мусора москва	вывоз мусора москва мос ру
вывоз мусора москва	вывоз мусора москва недорого
вывоз мусора москва	вывоз мусора москва недорого газель
вывоз мусора москва	вывоз мусора москва недорого из квартиры с грузчиками
вывоз мусора москва	вывоз мусора москва с грузчиками
вывоз мусора москва	вывоз мусора москва с грузчиками из квартиры цена
вывоз мусора москва	вывоз мусора москва цена
вывоз мусора московская область	вывоз мусора дзержинский московская область
вывоз мусора московская область	вывоз мусора московская область
вывоз мусора московская область	вывоз мусора московская область для частных домов
вывоз мусора московская область	вывоз мусора московская область тариф
вывоз мусора московская область	вывоз мусора после пожара в московской области
вывоз мусора московская область	вывоз мусора раменский район московской области
вывоз мусора московская область	вывоз строительного мусора пушкино московская область
вывоз мусора московская область	московская область домодедово микрорайон центральный улица кирова с27к4 эко-домодедово вывоз мусора
вывоз мусора московская область	оссиг вывоз строительного мусора московская область
вывоз мусора московская область	тко московская область личный кабинет
вывоз мусора недорого	вывоз мусора в щелково недорого контейнер
вывоз мусора недорого	вывоз мусора из квартиры в москве недорого с грузчиками
вывоз мусора недорого	вывоз мусора контейнер москва недорого
вывоз мусора недорого	вывоз мусора москва недорого
вывоз мусора недорого	вывоз мусора москва недорого газель
вывоз мусора недорого	вывоз мусора мытищи недорого
вывоз мусора недорого	вывоз мусора недорого
вывоз мусора недорого	вывоз мусора одинцово недорого
вывоз мусора недорого	вывоз строительного мусора в москве недорого из квартиры с грузчиками цена
вывоз мусора недорого	вывоз строительного мусора казань с грузчиками недорого
вывоз мусора одинцово	вывоз мусора одинцово
вывоз мусора одинцово	вывоз мусора одинцово контейнер
вывоз мусора одинцово	вывоз мусора одинцово контейнер 8 м3 цена
вывоз мусора одинцово	вывоз мусора одинцово недорого
вывоз мусора одинцово	вывоз мусора одинцово недорого газель
вывоз мусора одинцово	вывоз мусора одинцово недорого контейнер
вывоз мусора одинцово	вывоз строительного мусора в одинцово
вывоз мусора одинцово	вывоз строительного мусора одинцово
вывоз мусора одинцово	московская область одинцово улица маршала бирюзова 15 вывоз мусора в одинцово
вывоз мусора одинцово	рузский региональный оператор вывоз мусора одинцово
вывоз мусора подмосковье	вывоз мусора в подмосковье
вывоз мусора подмосковье	вывоз мусора подмосковье
вывоз мусора подмосковье	вывоз мусора с дачи в подмосковье
вывоз мусора подмосковье	вывоз мусора с дачи в подмосковье с грузчиками цены
вывоз мусора подмосковье	вывоз строительного мусора подмосковье
вывоз мусора подмосковье	как рассчитывается вывоз мусора в подмосковье в частном доме
вывоз мусора подмосковье	сколько стоит вывоз мусора в подмосковье в квартире
вывоз мусора подмосковье	сколько стоит вывоз мусора в подмосковье контейнер
вывоз мусора подмосковье	сколько стоит вывоз строительного мусора в подмосковье
вывоз мусора подмосковье	чистое подмосковье коломна вывоз мусора
вывоз мусора с дачи	авито вывоз мусора с дачи
вывоз мусора с дачи	вывоз мусора в ленобласти всеволожский район с дачи цена с грузчиками
вывоз мусора с дачи	вывоз мусора после пожара на даче
вывоз мусора с дачи	вывоз мусора с дачи
вывоз мусора с дачи	вывоз мусора с дачи в подмосковье
вывоз мусора с дачи	вывоз мусора с дачи в подмосковье с грузчиками цены
вывоз мусора с дачи	вывоз мусора с дачи красноярск
вывоз мусора с дачи	вывоз мусора с дачи с грузчиками цена
вывоз мусора с дачи	демонтаж сарая на даче цена и вывоз мусора
вывоз мусора с дачи	нужно ли платить за вывоз мусора на даче если платишь в городе
вывоз мусора с участка	вывоз мусора бронницы с дачного участка
вывоз мусора с участка	вывоз мусора с дачного участка с грузчиками
вывоз мусора с участка	вывоз мусора с участка
вывоз мусора с участка	вывоз мусора с участка ленинградская область
вывоз мусора с участка	вывоз мусора с участка ленинградская область цена
вывоз мусора с участка	вывоз мусора с участка московская область
вывоз мусора с участка	вывоз мусора с участка московская область цена
вывоз мусора с участка	вывоз мусора с участка цена
вывоз мусора с участка	вывоз строительного мусора в ленинградской области всеволожский район с дачного участка
вывоз мусора с участка	вывоз строительного мусора с дачного участка
вывоз мусора цена	вывоз мусора в жуковском
вывоз мусора цена	вывоз мусора в звенигороде
вывоз мусора цена	вывоз мусора в москве из квартиры с грузчиками цена
вывоз мусора цена	вывоз мусора в одинцовском районе
вывоз мусора цена	вывоз мусора в щелково недорого контейнер
вывоз мусора цена	вывоз мусора цена за 1 м3
вывоз мусора цена	вывоз мусора цена за контейнер
вывоз мусора цена	вывоз мусора цена за куб
вывоз мусора цена	вывоз мусора цена за тонну
вывоз мусора цена	вывоз мусора цена с человека 2026
вывоз порубочных	вывоз порубочных остатков
вывоз порубочных	вывоз порубочных остатков в москве
вывоз порубочных	вывоз порубочных остатков в московской области
вывоз порубочных	вывоз порубочных остатков расценка в смете
вывоз порубочных	окпд 2 вывоз порубочных остатков
вывоз порубочных	утилизация порубочных остатков
вывоз порубочных	утилизация порубочных остатков законодательство
вывоз порубочных	утилизация порубочных остатков расценка в смете
вывоз порубочных остатков	вывоз порубочных остатков
вывоз порубочных остатков	вывоз порубочных остатков в москве
вывоз порубочных остатков	вывоз порубочных остатков в московской области
вывоз порубочных остатков	вывоз порубочных остатков расценка в смете
вывоз порубочных остатков	окпд 2 вывоз порубочных остатков
вывоз порубочных остатков	утилизация порубочных остатков
вывоз порубочных остатков	утилизация порубочных остатков законодательство
вывоз порубочных остатков	утилизация порубочных остатков расценка в смете
вывоз садового мусора	вывоз мусора с садового участка
вывоз садового мусора	вывоз садового мусора
вывоз садового мусора	вывоз садового мусора московская область
вывоз садового мусора	уборка садового участка и вывоз мусора
вывоз старой мебели	вывоз старой мебели и бытовой техники
вывоз старой мебели	вывоз старой мебели из квартиры
вывоз старой мебели	вывоз старой мебели из квартиры в долгопрудном
вывоз старой мебели	вывоз старой мебели из квартиры в москве
вывоз старой мебели	вывоз старой мебели из квартиры в москве недорого с грузчиками
вывоз старой мебели	вывоз старой мебели из квартиры в москве с грузчиками на утилизацию
вывоз старой мебели	вывоз старой мебели красногорск
вывоз старой мебели	вывоз старой мебели люберцы
вывоз старой мебели	вывоз старой мебели москва
вывоз старой мебели	вывоз старой мебели химки
вывоз строительного мусора	вывоз строительного мусора в москве
вывоз строительного мусора	вывоз строительного мусора в москве недорого из квартиры с грузчиками цена
вывоз строительного мусора	вывоз строительного мусора домодедово
вывоз строительного мусора	вывоз строительного мусора жуковский
вывоз строительного мусора	вывоз строительного мусора красногорск
вывоз строительного мусора	вывоз строительного мусора москва
вывоз строительного мусора	вывоз строительного мусора москва контейнер
вывоз строительного мусора	вывоз строительного мусора мытищи
вывоз строительного мусора	вывоз строительного мусора одинцово
вывоз строительного мусора	вывоз строительного мусора химки с грузчиками
вывоз строймусора	вывоз строймусора
вывоз строймусора	вывоз строймусора алматы
вывоз строймусора	вывоз строймусора в алматы
вывоз строймусора	вывоз строймусора москва
вывоз строймусора	вывоз строймусора цена
вывоз хлама	вывоз хлама в москве
вывоз хлама	вывоз хлама из гаража
вывоз хлама	вывоз хлама из квартиры
вывоз хлама	вывоз хлама из квартиры в москве
вывоз хлама	вывоз хлама из квартиры в москве недорого с грузчиками
вывоз хлама	вывоз хлама из квартиры в москве недорого с грузчиками на утилизацию
вывоз хлама	вывоз хлама луганск
вывоз хлама	вывоз хлама москва
вывоз хлама	вывоз хлама с дачи
вывоз хлама	вывоз хлама спб
выравнивание участка	выравнивание участка
выравнивание участка	выравнивание участка московская область
выравнивание участка	выравнивание участка мотоблоком
выравнивание участка	выравнивание участка песком
выравнивание участка	выравнивание участка под газон
выравнивание участка	выравнивание участка под ключ
выравнивание участка	выравнивание участка своими руками с чего начать
выравнивание участка	выравнивание участка спб
выравнивание участка	выравнивание участка трактором
выравнивание участка	выравнивание участка цена за сотку московская область
вырубка деревьев	вырубка деревьев
вырубка деревьев	вырубка деревьев в бирюлево западное
вырубка деревьев	вырубка деревьев в москве
вырубка деревьев	вырубка деревьев на арендованном земельном участке
вырубка деревьев	вырубка деревьев на земельном участке в частной собственности
вырубка деревьев	вырубка деревьев на садовом участке
вырубка деревьев	вырубка деревьев на собственном участке закон разъяснение
вырубка деревьев	вырубка деревьев на участке московская область
вырубка деревьев	вырубка деревьев покровское стрешнево
вырубка деревьев	вырубка деревьев цена
вырубка деревьев москва	вырубка деревьев москва
вырубка елей	вырубка елки
вырубка елей	вырубка елки штраф
вырубка елей	незаконная вырубка елей
вырубка елей	незаконная вырубка елки
вырубка елей	незаконная рубка елей
вырубка леса под строительство	вырубка леса под строительство
вырубка ёлок	вырубка елок
вырубка ёлок	незаконная вырубка елок
декоративная обрезка деревьев	декоративная обрезка деревьев
декоративная обрезка деревьев	декоративная обрезка деревьев и кустарников
декоративная обрезка деревьев	сроки весенней обрезки плодовых деревьев
декоративная обрезка деревьев	сроки обрезки деревьев
декоративная обрезка деревьев	сроки обрезки деревьев весной
декоративная обрезка деревьев	сроки обрезки деревьев осенью
декоративная обрезка деревьев	сроки обрезки плодовых деревьев весной в средней полосе россии
декоративная обрезка деревьев	сроки обрезки плодовых деревьев осенью в средней
декоративная обрезка деревьев	сроки обрезки хвойных деревьев
декоративная обрезка деревьев	сроки осенней обрезки деревьев
демонтаж бани	демонтаж бани
демонтаж бани	демонтаж бани из бревна цена
демонтаж бани	демонтаж бани из бревна цена за работу
демонтаж бани	демонтаж бани цена
демонтаж бани	демонтаж бани цена за работу
демонтаж бани	демонтаж плитки в бане
демонтаж бани	сколько стоит демонтаж бани
демонтаж гаража	демонтаж гаража
демонтаж гаража	демонтаж гаража и вывоз металлолома
демонтаж гаража	демонтаж гаража на металлолом
демонтаж гаража	демонтаж гаража расценка в смете
демонтаж гаража	демонтаж гаража цена
демонтаж гаража	демонтаж металлического гаража
демонтаж гаража	демонтаж металлического гаража расценка в смете
демонтаж гаража	договор на демонтаж гаража нежилое
демонтаж гаража	договор на демонтаж гаража нежилое шаблон
демонтаж гаража	сколько стоит демонтаж гаража
демонтаж дачи	демонтаж дачи
демонтаж дачного дома	демонтаж дачи
демонтаж дачного дома	демонтаж дачного дома
демонтаж дачного дома	демонтаж дачного дома в выборге
демонтаж дачного дома	демонтаж дачного дома выборг
демонтаж дачного дома	демонтаж дачного дома и вывоз мусора
демонтаж дачного дома	демонтаж дачного дома и вывоз мусора цена
демонтаж дачного дома	демонтаж дачного дома приморск
демонтаж дачного дома	демонтаж дачного дома цена
демонтаж деревянного дома	демонтаж деревянного дома стоимость
демонтаж деревянного дома	демонтаж деревянного дома стоимость работ
демонтаж деревянного дома	демонтаж деревянного дома цена
демонтаж деревянного дома	демонтаж деревянного дома цена за 1м2
демонтаж деревянного дома	демонтаж деревянных домов
демонтаж деревянного дома	демонтаж дома деревянного
демонтаж деревянного дома	демонтаж дома деревянного цена за работу
демонтаж деревянного дома	разборка деревянного дома
демонтаж деревянного дома	разборка деревянного дома стоимость работ
демонтаж деревянного дома	сколько стоит демонтаж деревянного дома с вывозом мусора
демонтаж дома	демонтаж дома деревянного
демонтаж дома	демонтаж дома и вывоз мусора
демонтаж дома	демонтаж дома и вывоз мусора в московской области
демонтаж дома	демонтаж дома и вывоз мусора цена
демонтаж дома	демонтаж дома одесса
демонтаж дома	демонтаж дома после пожара
демонтаж дома	демонтаж дома спб
демонтаж дома	демонтаж дома стоимость
демонтаж дома	демонтаж дома цена
демонтаж дома	демонтаж дома это
демонтаж забора	демонтаж забора
демонтаж забора	демонтаж забора гэсн
демонтаж забора	демонтаж забора из профлиста
демонтаж забора	демонтаж забора из профлиста расценка в смете
демонтаж забора	демонтаж забора из сетки рабицы расценка в смете
демонтаж забора	демонтаж забора расценка в смете
демонтаж забора	демонтаж забора расценка в смете гэсн
демонтаж забора	демонтаж забора цена
демонтаж забора	демонтаж забора цена за метр
демонтаж забора	демонтаж забора это
демонтаж кирпичного дома	демонтаж кирпичного дома
демонтаж кирпичного дома	демонтаж кирпичного дома цена
демонтаж кирпичного дома	сколько стоит демонтаж дома из кирпича
демонтаж под ключ	демонтаж квартиры под ключ
демонтаж под ключ	демонтаж квартиры под ключ цена
демонтаж под ключ	демонтаж под ключ
демонтаж под ключ	демонтаж сантехкабины в панельном доме цена москва под ключ
демонтаж построек	демонтаж дачных домов
демонтаж построек	демонтаж деревянных домов
демонтаж построек	демонтаж домов
демонтаж построек	демонтаж домов и вывоз мусора
демонтаж построек	демонтаж домов спб
демонтаж построек	демонтаж домов цена
демонтаж построек	демонтаж построек
демонтаж построек	демонтаж построек на участке
демонтаж построек	демонтаж старых построек
демонтаж построек	московская область люберцы октябрьский проспект 411 демонтаж дачных домов и строений сломпро
демонтаж сарая	демонтаж сарая
демонтаж сарая	демонтаж сарая на даче цена
демонтаж сарая	демонтаж сарая на даче цена и вывоз мусора
демонтаж сарая	демонтаж сарая цена
демонтаж сарая	демонтаж сарая цена за работу
демонтаж сарая	демонтаж сарая цена за работу сколько стоит
демонтаж сарая	демонтаж сарая цена за работу сколько стоит деревянного
демонтаж сарая	договор на демонтаж сарая
демонтаж сарая	сколько стоит демонтаж сарая
договор с тсж	договор с тсж
договор с тсж	договор с тсж на обслуживание многоквартирного дома
договор с тсж	договор с тсж на оказание услуг
договор с тсж	договор тсж с собственниками
договор с тсж	договор тсж с ук на управление многоквартирным домом
договор с тсж	должно ли тсж заключать договор управления с собственниками
договор с тсж	кто подписывает трудовой договор с председателем тсж
договор с тсж	трудовой договор с дворником тсж образец
договор с тсж	трудовой договор с председателем правления тсж
договор с тсж	трудовой договор с председателем тсж
договор с ук на обслуживание	договор с ук на обслуживание дома
договор с ук на обслуживание	договор с ук на обслуживание дома где взять
договор с ук на обслуживание	договор с ук на обслуживание дома на что обратить внимание
договор с ук на обслуживание	договор с ук на обслуживание дома на что обратить внимание при заключении
договор с ук на обслуживание	договор с ук на обслуживание дома образец
договор с ук на обслуживание	договор с ук на обслуживание дома образец готовый
договор с ук на обслуживание	договор с ук на обслуживание нежилого помещения
дробление пня	дробление пня
зимняя уборка территории	зимняя уборка придомовой территории
измельчение веток	дробление веток в щепу
измельчение веток	измельчение веток
измельчение веток	измельчение веток в щепу
измельчение веток	измельчение веток в щепу оборудование
измельчение веток	измельчение веток в щепу цена
измельчение веток	измельчение веток на участке
измельчение веток	измельчение веток на участке услуга
измельчение веток	измельчение веток на участке цена
измельчение веток	измельчение веток расценка в смете
измельчение веток	измельчение веток цена услуги
каблинг деревьев	каблинг деревьев
каблинг деревьев	каблинг деревьев цена
каблинг деревьев	каблинг деревьев что
каблинг деревьев	каблинг деревьев что это
каблинг деревьев	что такое каблинг деревьев
как получить порубочный билет	как получить порубочный билет в ленинградской области
как получить порубочный билет	как получить порубочный билет в москве
как получить порубочный билет	как получить порубочный билет в московской области
как получить порубочный билет	как получить порубочный билет в московской области для физических лиц
как получить порубочный билет	как получить порубочный билет в московской области для физических лиц на своем участке
как получить порубочный билет	как получить порубочный билет в московской области через госуслуги
как получить порубочный билет	как получить порубочный билет в сочи
как получить порубочный билет	как получить порубочный билет на елку
как получить порубочный билет	как получить порубочный билет на свой участок
как получить порубочный билет	как получить порубочный билет через госуслуги
комплексное обслуживание территорий	комплексное развитие сельских территорий государственная программа условия
корчевание пней	корчевание пней
корчевание пней	корчевание пней вручную
корчевание пней	корчевание пней лебедкой
корчевание пней	корчевание пней мини экскаватором
корчевание пней	корчевание пней на участке своими руками
корчевание пней	корчевание пней на участке цена
корчевание пней	корчевание пней на участке цена московская область
корчевание пней	корчевание пней расценка в смете
корчевание пней	корчевание пней своими руками
корчевание пней	корчевание пней трактором
кронирование деревьев	кронирование деревьев
кронирование деревьев	кронирование деревьев в москве
кронирование деревьев	кронирование деревьев в омске куда обращаться
кронирование деревьев	кронирование деревьев в сочи
кронирование деревьев	кронирование деревьев нормы и правила
кронирование деревьев	кронирование деревьев расценка в смете
кронирование деревьев	кронирование деревьев цена московская область
кронирование деревьев	кронирование деревьев что это значит
кронирование деревьев	кронирование деревьев что это такое
кронирование деревьев	кронирование деревьев это
кронирование ели	кронирование ели
кронирование сосны	кронирование сосны
кронирование сосны	кронирование сосны обыкновенной
кронирование тополя	кронирование тополя
норматив очистки крыш	норматив очистки крыш от снега
обрезка веток	обрезка веток
обрезка веток	обрезка веток деревьев
обрезка веток	обрезка веток деревьев как называется
обрезка веток	обрезка веток деревьев расценка в смете
обрезка веток	обрезка веток на высоте инструмент
обрезка веток	обрезка веток на кольцо
обрезка веток	обрезка веток сосны
обрезка веток	обрезка веток яблони
обрезка веток	обрезка веток яблони весной
обрезка веток	обрезка деревьев в московской области
обрезка деревьев	обрезка деревьев в домодедово
обрезка деревьев	обрезка деревьев в москве
обрезка деревьев	обрезка деревьев в московской области
обрезка деревьев	обрезка деревьев в чехове
обрезка деревьев	обрезка деревьев весной
обрезка деревьев	обрезка деревьев весной когда начинать
обрезка деревьев	обрезка деревьев заказать
обрезка деревьев	обрезка деревьев казань
обрезка деревьев	обрезка деревьев расценка в смете
обрезка деревьев	обрезка деревьев цена в подмосковье
обрезка деревьев цена	автобус 437 москва клин расписание место посадки цена
обрезка деревьев цена	купить голубую ель в новосибирске для посадки цена за штуку
обрезка деревьев цена	обрезка деревьев цена в подмосковье
обрезка деревьев цена	обрезка деревьев цена санкт-петербург
обрезка деревьев цена	обрезка плодовых деревьев в подмосковье цена
обрезка деревьев цена	обрезка плодовых деревьев в подмосковье цена за штуку
обрезка деревьев цена	обрезка плодовых деревьев в подмосковье цена за штуку профессиональная
обрезка деревьев цена	обрезка плодовых деревьев стоимость
обрезка деревьев цена	обрезка плодовых деревьев цена московская область
обрезка деревьев цена	сколько стоит обрезка деревьев в подмосковье цена за штуку
обрезка плодовых деревьев	обрезка на кольцо плодовых деревьев что значит
обрезка плодовых деревьев	обрезка плодовых деревьев в коломне
обрезка плодовых деревьев	обрезка плодовых деревьев в подмосковье цена
обрезка плодовых деревьев	обрезка плодовых деревьев в подмосковье цена за штуку профессиональная
обрезка плодовых деревьев	обрезка плодовых деревьев весной
обрезка плодовых деревьев	обрезка плодовых деревьев весной для начинающих видео
обрезка плодовых деревьев	обрезка плодовых деревьев осенью для начинающих в картинках
обрезка плодовых деревьев	обрезка плодовых деревьев стоимость
обрезка плодовых деревьев	обрезка плодовых деревьев услуги
обрезка плодовых деревьев	обрезка плодовых деревьев цена московская область
обслуживание дворов	обслуживание детских площадок на придомовой территории многоквартирного дома
обслуживание дворов	обслуживание придомовой территории
обслуживание дворов	обслуживание придомовой территории многоквартирного дома
обслуживание дворов	обслуживание придомовой территории многоквартирного дома что входит
обслуживание коттеджных посёлков	обслуживание коттеджных поселков
обслуживание мкд	обслуживание мкд
обслуживание мкд	обслуживание мкд управляющей компанией
обслуживание мкд	обслуживание мкд что это
обслуживание мкд	обслуживание мкд что это такое
обслуживание мкд	обслуживание мкд это
обслуживание мкд	содержание балета жизель
обслуживание мкд	содержание в ворде как сделать автоматически
обслуживание мкд	содержание жилого помещения и обращение с тко что это
обслуживание мкд	содержание кислорода в крови норма у взрослых
обслуживание мкд	содержание перепелов в домашних условиях для начинающих
обслуживание тсж	аварийно-диспетчерское обслуживание тсж включает
обслуживание тсж	аварийное обслуживание тсж
обслуживание тсж	договор с тсж на обслуживание многоквартирного дома
обслуживание тсж	обслуживание тсж
обслуживание тсж	обслуживание тсж включает
обслуживание тсж	техническое обслуживание тсж включает
обслуживание тсж	тсж условия создания
обслуживание тсж	условия для создания тсж
обслуживание тсж	условия создания тсж
обслуживание тсж	условия создания тсж в многоквартирном доме
обслуживание ук	договор с ук на обслуживание дома
обслуживание ук	договор с ук на обслуживание дома на что обратить внимание
обслуживание ук	если не платить ук за обслуживание дома что будет
обслуживание ук	может ли ук поднять тариф на обслуживание и содержание жилья
обслуживание ук	обслуживание мкд что это такое
обслуживание ук	обслуживание мкд это
обслуживание ук	ооо ук посадское обслуживание домов сергиев посад официальный сайт
обслуживание ук	ук комплексное обслуживание железногорск курская область
обслуживание ук	ук посадское обслуживание домов
обслуживание ук	ук посадское обслуживание домов сергиев посад
омолаживающая обрезка деревьев	омолаживающая обрезка деревьев
омолаживающая обрезка деревьев	омолаживающая обрезка деревьев когда проводится
омолаживающая обрезка деревьев	омолаживающая обрезка деревьев нормы и правила
омолаживающая обрезка деревьев	омолаживающая обрезка деревьев что это такое
омолаживающая обрезка деревьев	омолаживающая обрезка деревьев это
омолаживающая обрезка деревьев	правила обрезки деревьев
омолаживающая обрезка деревьев	правила обрезки деревьев в городе
омолаживающая обрезка деревьев	правила обрезки деревьев на придомовой территории
омолаживающая обрезка деревьев	правила обрезки плодовых деревьев
омолаживающая обрезка деревьев	правила обрезки плодовых деревьев весной схема для начинающих
очистка кровли	очистка кровли
очистка кровли	очистка кровли окпд 2
очистка кровли	очистка кровли от мха
очистка кровли	очистка кровли от снега в москве
очистка кровли	очистка кровли от снега и наледи
очистка кровли	очистка кровли от снега и наледи цена в москве
очистка кровли	очистка кровли от снега косгу
очистка кровли	очистка кровли от снега цена за м2
очистка кровли	очистка кровли от сосулек
очистка кровли	очистка кровли расценка в смете
очистка крыш от снега	очистка крыш от снега
очистка крыш от снега	очистка крыш от снега в саратове
очистка крыш от снега	очистка крыш от снега в твери
очистка крыш от снега	очистка крыш от снега и наледи
очистка крыш от снега	очистка крыш от снега киров
очистка крыш от снега	очистка крыш от снега косгу
очистка крыш от снега	очистка крыш от снега нормы требования и ответственность
очистка крыш от снега	очистка крыш от снега оквэд
очистка крыш от снега	очистка крыш от снега стоимость
очистка крыш от снега	очистка крыш от снега цена
очистка крыши от снега	очистка крыши от снега
очистка крыши от снега	очистка крыши от снега в москве
очистка крыши от снега	очистка крыши от снега веревкой
очистка крыши от снега	очистка крыши от снега и наледи цены
очистка крыши от снега	очистка крыши от снега инструмент
очистка крыши от снега	очистка крыши от снега косгу
очистка крыши от снега	очистка крыши от снега окпд 2
очистка крыши от снега	очистка крыши от снега своими руками
очистка крыши от снега	очистка крыши от снега тула
очистка крыши от снега	очистка крыши от снега цена
переработка веток	переработка веток
переработка веток	переработка веток в мульчу
переработка веток	переработка веток в опилки
переработка веток	переработка веток в щепу
переработка веток	переработка веток в щепу оборудование
переработка веток	переработка веток в щепу оборудование аренда
переработка веток	переработка веток в щепу оборудование для дачи
переработка веток	переработка веток в щепу оборудование для дачи купить
переработка веток	переработка веток на участке
переработка веток	переработка веток от деревьев
покос травы	покос травы как правильно написать
покос травы	покос травы мотоблоком
покос травы	покос травы оквэд
покос травы	покос травы окпд 2
покос травы	покос травы расценка в смете гэсн
покос травы	покос травы триммером цена за сотку
покос травы	покос травы цена за м2
покос травы	покос травы цена за сотку московская область
покос травы	покос травы чехов
покос травы	покос травы это
порубочный билет	порубочный билет
порубочный билет	порубочный билет в москве
порубочный билет	порубочный билет в московской области
порубочный билет	порубочный билет мос ру
порубочный билет	порубочный билет москва
порубочный билет	порубочный билет московская область
порубочный билет	порубочный билет на вырубку деревьев на своем участке в московской области как оформить
порубочный билет	порубочный билет через госуслуги как оформить
порубочный билет	порубочный билет что это такое
порубочный билет	порубочный билет это
порубочный билет москва	порубочный билет москва
порубочный билет москва	порубочный билет москва как получить
порубочный билет московская область	как оформить порубочный билет в московской области через госуслуги пошаговая
порубочный билет московская область	получить порубочный билет в московской области для физических лиц
порубочный билет московская область	порубочный билет московская область
порубочный билет московская область	порубочный билет московская область как получить
порубочный билет московская область	порубочный билет московская область на своем участке
порубочный билет московская область	порубочный билет московская область стоимость
порубочный билет московская область	порубочный билет московская область цена
порубочный билет московская область	порубочный билет московская область цена за дерево
порубочный билет московская область	порубочный билет московская область цена за дерево на своем участке
порубочный билет московская область	порубочный билет на вырубку деревьев на своем участке в московской области как оформить
порядок под ключ	последовательность установки импланта зуба под ключ
промальп москва	вакансии промальп москва
промальп москва	промальп москва
промальп москва	промышленный альпинист москва
промальп москва	промышленный альпинист москва вакансии
промальп москва	промышленный альпинист москва зарплата
промальп москва	промышленный альпинист обучение москва
промышленный альпинизм	альпинизм промышленный
промышленный альпинизм	промышленный альпинизм вакансии
промышленный альпинизм	промышленный альпинизм мойка окон
промышленный альпинизм	промышленный альпинизм москва
промышленный альпинизм	промышленный альпинизм обучение
промышленный альпинизм	промышленный альпинизм обучение в москве
промышленный альпинизм	промышленный альпинизм услуги
промышленный альпинизм	промышленный альпинизм цены на услуги в москве
промышленный альпинизм	промышленный альпинизм это
промышленный альпинизм	промышленный альпинист удостоверение
работа на высоте	работа на высоте
работа на высоте	работа на высоте группы 1 2 3 что это
работа на высоте	работа на высоте обучение
работа на высоте	работа на высоте от скольки метров
работа на высоте	работа на высоте правила по охране труда 2025
работа на высоте	работа на высоте с какой высоты начинается
работа на высоте	работа на высоте с какой высоты начинается 2025
работа на высоте	работа на высоте удостоверение
работа на высоте	работа на высоте это
работа на высоте	работа на высоте это сколько метров
работы альпинистов	автор работы человек машина
работы альпинистов	автором работы человек в поисказ смысла является
работы альпинистов	без работы человек деградирует
работы альпинистов	данный отрывок взят из работы человек
работы альпинистов	демон работы человек бензопила
работы альпинистов	отлынивающий от работы человек 5 букв
работы альпинистов	работы человек человек
раскорчёвка участка	раскорчёвка и расчистка участков цена
раскорчёвка участка	раскорчёвка участков
расчистка заросшего участка	расчистка заросшего участка
расчистка участка	расчистка участка
расчистка участка	расчистка участка и вывоз мусора
расчистка участка	расчистка участка клин
расчистка участка	расчистка участка москва
расчистка участка	расчистка участка мульчером
расчистка участка	расчистка участка от деревьев
расчистка участка	расчистка участка от деревьев и кустарников цена
расчистка участка	расчистка участка от леса
расчистка участка	расчистка участка от снега
расчистка участка	расчистка участка цена
расчистка участка от деревьев	расчистка участка от деревьев
расчистка участка от деревьев	расчистка участка от деревьев и кустарников
расчистка участка от деревьев	расчистка участка от деревьев и кустарников расценка
расчистка участка от деревьев	расчистка участка от деревьев и кустарников расценка в смете
расчистка участка от деревьев	расчистка участка от деревьев и кустарников своими руками
расчистка участка от деревьев	расчистка участка от деревьев и кустарников цена
расчистка участка от деревьев	расчистка участка от деревьев и кустарников цена за сотку
расчистка участка от деревьев	расчистка участка от деревьев и кустарников цена за сотку ленобласть
расчистка участка от деревьев	расчистка участка от деревьев и кустарников цена московская область
расчистка участка от деревьев	расчистка участка от деревьев цена
расчистка участка от кустарника	расчистка дачного участка от деревьев и кустарников
расчистка участка от кустарника	расчистка участка от деревьев и кустарников расценка в смете
расчистка участка от кустарника	расчистка участка от деревьев и кустарников реал эстейт
расчистка участка от кустарника	расчистка участка от деревьев и кустарников своими руками
расчистка участка от кустарника	расчистка участка от деревьев и кустарников цена
расчистка участка от кустарника	расчистка участка от деревьев и кустарников цена московская область
расчистка участка от кустарника	расчистка участка от кустарников
расчистка участка от кустарника	расчистка участка от кустарников и мелколесья цена
расчистка участка от кустарника	расчистка участка цена в ленобласти от деревьев и кустарников
расчистка участка от кустарника	сколько стоит расчистка участка от деревьев и кустарников цена за 1 сотку
самосвал вывоз мусора	вывоз мусора газель самосвал
самосвал вывоз мусора	вывоз мусора самосвал
самосвал вывоз мусора	самосвал вывоз мусора
санитарная обрезка деревьев	санитарная обрезка деревьев
санитарная обрезка деревьев	санитарная обрезка деревьев когда проводится
санитарная обрезка деревьев	санитарная обрезка деревьев нормы и правила
санитарная обрезка деревьев	санитарная обрезка деревьев нужен ли порубочный билет
санитарная обрезка деревьев	санитарная обрезка деревьев расценка в смете
санитарная обрезка деревьев	санитарная обрезка деревьев цена
санитарная обрезка деревьев	санитарная обрезка деревьев что это
санитарная обрезка деревьев	санитарная обрезка деревьев что это такое
санитарная обрезка деревьев	санитарная обрезка деревьев что это такое простыми словами
санитарная обрезка деревьев	санитарная обрезка деревьев это
сбивание сосулек	сбивание сосулек
сбивание сосулек	сбивание сосулек лазером
сбивание сосулек	сбивание сосулек расценка в смете
сбивание сосулек	сбивание сосулек с крыши
сброс снега с крыши	сброс снега с крыши
сброс снега с крыши	сброс снега с крыши в новосибирске
сброс снега с крыши	сброс снега с крыши вакансии
сброс снега с крыши	сброс снега с крыши казань
сброс снега с крыши	сброс снега с крыши новосибирск
сброс снега с крыши	сброс снега с крыши новосибирск вакансии
сброс снега с крыши	сброс снега с крыши новосибирск цена
сброс снега с крыши	сброс снега с крыши приспособление
сброс снега с крыши	сброс снега с крыши томск
сброс снега с крыши	сброс снега с крыши цена
снос бани	снос бани цена
снос гаража	выплаты за снос гаража в москве 2026
снос гаража	компенсация за снос гаража в москве 2026
снос гаража	компенсация за снос гаража в москве в гаражном кооперативе
снос гаража	облагается ли налогом компенсация за снос гаража
снос гаража	сколько выплачивают за снос гаража в москве
снос гаража	снос гаража
снос гаража	снос гаража в собственности компенсация
снос гаража	снос гаража как самовольной постройки судебная практика
снос гаража	снос гаражей в бибирево на корнейчука
снос гаража	снос гаражей на берзарина
снос дачи	какие дачи идут под снос в костанае
снос дачи	кас дача снос гаражей
снос дачи	снос абайские дачи
снос дачи	снос гаражей кас дача
снос дачи	снос дачи
снос дачи	снос дачи астана
снос дачи	снос дачи астана 2026
снос дома	снос дома и вывоз мусора в ленинградской области
снос дома	снос дома кино в москве
снос дома	снос дома по реновации по адресу
снос дома	снос дома под ключ
снос дома	снос дома под ключ с вывозом
снос дома	снос дома после пожара
снос дома	снос дома стоимость
снос дома	снос дома цена
снос дома	снос дома цена подмосковье
снос дома	снос дома цена подмосковье с вывозом мусора
снос забора	снос забора
снос забора	снос забора судебная практика
снос построек	снос домов в люберцах
снос построек	снос домов в москве до 2030 на карте москвы список
снос построек	снос домов в новороссийске
снос построек	снос домов в подольске
снос построек	снос домов в пушкинском районе
снос построек	снос домов по реновации сроки по адресу москва
снос построек	снос построек
снос построек	снос построек на дачном участке цена и вывоз
снос построек	снос самовольных построек
снос построек	снос старых построек на земельном участке цена
снос сарая	договор на снос сарая
снос сарая	нужно ли разрешение на снос сарая
снос сарая	снос сарая
снос сарая	снос сарая и вывоз мусора
снос сарая	снос сарая и вывоз мусора цена
снос сарая	снос сарая цена
снос старого дома	разрушение дома в сызрани
снос старого дома	снос старого дома
снос старого дома	снос старого дома 4 буквы
снос старого дома	снос старого дома и постройка нового
снос старого дома	снос старого дома и постройка нового оформление 2020
снос старого дома	снос старого дома на участке
снос старого дома	снос старого дома на участке как оформить
снос старого дома	снос старого дома на участке стоимость
снос старого дома	снос старого дома на участке цена
снос старого дома	снос старого дома цена
содержание общего имущества	содержание общего имущества в квитанции что это
содержание общего имущества	содержание общего имущества в коммунальной квартире
содержание общего имущества	содержание общего имущества в мкд
содержание общего имущества	содержание общего имущества в многоквартирном доме
содержание общего имущества	содержание общего имущества в многоквартирном доме включает в себя
содержание общего имущества	содержание общего имущества гк рф
содержание общего имущества	содержание общего имущества дома что туда входит
содержание общего имущества	содержание общего имущества мкд что это такое в квитанции
содержание общего имущества	содержание общего имущества тариф
содержание общего имущества	содержание общего имущества это
содержание территорий	объем и содержание мероприятий по защите населения и территорий от чс определяются исходя из
содержание территорий	пп 1018 содержание дворовых территорий
содержание территорий	санпин содержание территорий населенных мест 2021
содержание территорий	содержание территории по пожарной безопасности
содержание территорий	содержание территорий
содержание территорий	содержание территорий городских и сельских поселений промышленных площадок должно отвечать
содержание территорий	содержание территорий зданий сооружений и помещений в том числе эвакуационных путей
содержание территорий	содержание территорий московская область
содержание территорий	содержание территорий общего пользования
содержание территорий	содержание территорий промышленных площадок должно отвечать
спил аварийных деревьев	мод на быструю вырубку деревьев для майнкрафт 1.16.5
спил аварийных деревьев	порубочный билет на вырубку деревьев на своем участке в московской области как оформить
спил аварийных деревьев	разрешение на вырубку деревьев московская область
спил аварийных деревьев	спил аварийного дерева куда обращаться
спил аварийных деревьев	спил аварийных деревьев
спил аварийных деревьев	спил аварийных деревьев законодательство
спил аварийных деревьев	спил аварийных деревьев косгу
спил аварийных деревьев	спил аварийных деревьев новосибирск
спил аварийных деревьев	спил аварийных деревьев окпд 2
спил аварийных деревьев	спил аварийных деревьев цена
спил больших деревьев	спил больших деревьев
спил больших деревьев	спил больших деревьев на участке цены
спил больших деревьев	спил огромных деревьев
спил высоких деревьев	спил больших деревьев
спил высоких деревьев	спил больших деревьев на участке цены
спил высоких деревьев	спил высоких деревьев
спил высоких деревьев	спил высоких деревьев на участке
спил высоких деревьев	спил высоких деревьев по частям цена
спил дерева	спил дерева вектор
спил дерева	спил дерева для столешницы как называется
спил дерева	спил дерева как называется
спил дерева	спил дерева купить
спил дерева	спил дерева на кладбище
спил дерева	спил дерева на придомовой территории многоквартирного дома
спил дерева	спил дерева расценка в смете
спил дерева	спил дерева фото
спил дерева	спил дерева цена работы
спил дерева	спил дерева это
спил дерева на даче	где получить разрешение на спил дерева на своем участке
спил дерева на даче	как получить разрешение на спил дерева на своем участке в московской области
спил дерева на даче	какой штраф за спил дерева без разрешения на своем участке
спил дерева на даче	надо ли брать разрешение на спил дерева на своем участке
спил дерева на даче	нужно ли получать разрешение на спил дерева на собственном участке
спил дерева на даче	разрешение на спил дерева на своем участке в подмосковье
спил дерева на даче	сколько стоит спил дерева на участке московская область
спил дерева на даче	спил дерева на своем участке
спил дерева на даче	спил дерева на участке цена
спил дерева на даче	штраф за спил дерева на собственном участке
спил дерева на кладбище	заявление на спил дерева на кладбище в администрацию образец
спил дерева на кладбище	кто отвечает за спил деревьев на кладбище
спил дерева на кладбище	спил дерева на кладбище
спил дерева на кладбище	спил дерева на кладбище цена
спил дерева на кладбище	спил деревьев на кладбище
спил дерева на кладбище	спил деревьев на кладбище законодательство
спил дерева на кладбище	спил деревьев на кладбище кто отвечает
спил дерева на кладбище	спил деревьев на кладбище цена
спил дерева на участке	как получить разрешение на спил дерева на своем участке в московской области
спил дерева на участке	какой штраф за спил дерева без разрешения на своем участке
спил дерева на участке	надо ли брать разрешение на спил дерева на своем участке
спил дерева на участке	сколько стоит спил дерева на участке московская область
спил дерева на участке	спил дерева на участке
спил дерева на участке	спил дерева на участке цена
спил дерева на участке	спил деревьев на участке в снт
спил дерева на участке	спил деревьев на участке в собственности закон
спил дерева на участке	спил деревьев на участке ижс
спил дерева на участке	спил деревьев на участке цены московская область
спил дерева с автовышки	спил дерева с автовышки
спил дерева с автовышки	спил деревьев с автовышки
спил дерева цена	спил дерева на своем участке цена
спил дерева цена	спил дерева цена
спил дерева цена	спил дерева цена в московской области
спил дерева цена	спил дерева цена работы
спил дерева цена	спил деревьев в калининграде цена
спил дерева цена	спил деревьев в ленинградской области цена
спил дерева цена	спил деревьев в смоленске цена за работу
спил дерева цена	спил деревьев в ярославле недорого цена
спил дерева цена	спил деревьев луганск цена
спил дерева цена	цена за спил дерева на участке
спил дерева частями	спил дерева частями
спил дерева частями	спил деревьев в ленинградской области цена частями
спил дерева частями	спил деревьев в ленинградской области цена частями с вышки
спил дерева частями	спил деревьев красноярск частями
спил дерева частями	спил деревьев красноярск частями цена
спил дерева частями	спил деревьев частями
спил деревьев	спил деревьев в дмитровском районе
спил деревьев	спил деревьев в москве
спил деревьев	спил деревьев в московской области цены
спил деревьев	спил деревьев во дворе многоквартирного дома закон
спил деревьев	спил деревьев истра
спил деревьев	спил деревьев какой оквэд
спил деревьев	спил деревьев на участке
спил деревьев	спил деревьев на участке цены московская область
спил деревьев	спил деревьев одинцово
спил деревьев	спил деревьев расценка в смете
спил деревьев истра	спил деревьев истра
спил деревьев московская область	сколько стоит спил дерева на участке московская область
спил деревьев московская область	спил деревьев в московской области
спил деревьев московская область	спил деревьев в московской области цена за штуку
спил деревьев московская область	спил деревьев в московской области цены
спил деревьев московская область	спил деревьев московская область
спил деревьев московская область	спил деревьев на участке цены московская область
спил деревьев одинцово	спил деревьев одинцово
спил деревьев пушкино	спил деревьев пушкино
спил деревьев раменское	спил деревьев в раменском районе
спил деревьев раменское	спил деревьев раменское
спил деревьев цена	авито спил деревьев цена
спил деревьев цена	сколько стоит спил деревьев на участке цена за работу
спил деревьев цена	спил веток деревьев цена
спил деревьев цена	спил дерева цена
спил деревьев цена	спил деревьев в ленинградской области цена
спил деревьев цена	спил деревьев в московской области цена за штуку
спил деревьев цена	спил деревьев в смоленске цена за работу
спил деревьев цена	спил деревьев луганск цена
спил деревьев цена	спил деревьев на кладбище цена
спил деревьев цена	спил деревьев пермь стоимость
спил старого дерева	спил старого дерева
спил сухих деревьев	вырубка деревьев без порубочного билета ответственность
спил сухих деревьев	вырубка деревьев в бирюлево западное
спил сухих деревьев	вырубка деревьев в спб цена
спил сухих деревьев	вырубка деревьев на арендованном земельном участке
спил сухих деревьев	вырубка деревьев на земельном участке в частной собственности
спил сухих деревьев	вырубка деревьев на садовом участке
спил сухих деревьев	вырубка деревьев на участке московская область
спил сухих деревьев	вырубка деревьев покровское стрешнево
спил сухих деревьев	спил сухих деревьев
спил сухих деревьев	спил сухих деревьев правила
техническое обслуживание зданий	комплексное техническое обслуживание зданий и сооружений
техническое обслуживание зданий	техническое обслуживание зданий
техническое обслуживание зданий	техническое обслуживание зданий и сооружений
техническое обслуживание зданий	техническое обслуживание зданий и сооружений что входит
техническое обслуживание зданий	техническое обслуживание зданий и сооружений что это
техническое обслуживание зданий	техническое обслуживание зданий и сооружений это
техническое обслуживание зданий	техническое обслуживание зданий оквэд
техническое обслуживание зданий	техническое обслуживание зданий окпд 2
техническое обслуживание зданий	техническое обслуживание зданий это
техническое обслуживание зданий	техническое обслуживание инженерных систем зданий москва
уборка дачного участка	уборка дачного участка
уборка дачного участка	уборка дачного участка от деревьев и кустарников
уборка дачного участка	уборка дачного участка от мусора цена
уборка дачного участка	уборка дачного участка цена за сотку
уборка дачного участка	уборка дачного участка цена за сотку под ключ
уборка дачного участка	уборка и вывоз мусора с дачного участка
уборка дачного участка	уборка садового участка
уборка дачного участка	уборка садового участка и вывоз мусора
уборка снега	уборка снега в красногорске
уборка снега	уборка снега в москве подработка с ежедневной оплатой
уборка снега	уборка снега в мытищах
уборка снега	уборка снега в чехове
уборка снега	уборка снега вручную расценка в смете
уборка снега	уборка снега москва
уборка снега	уборка снега мотоблоком
уборка снега	уборка снега на даче
уборка снега	уборка снега подольск
уборка снега	уборка снега с крыш
уборка снега с крыши	уборка снега с крыши
уборка снега с крыши	уборка снега с крыши в москве
уборка снега с крыши	уборка снега с крыши косгу
уборка снега с крыши	уборка снега с крыши подольск
уборка снега с крыши	уборка снега с крыши расценка в смете
уборка снега с крыши	уборка снега с крыши рязань
уборка снега с крыши	уборка снега с крыши снегоуборщиком
уборка снега с крыши	уборка снега с крыши цена за квадратный метр
уборка снега с крыши	уборка снега с крыши частного дома
уборка снега с крыши	уборка снега с крыши челябинск
уборка снега с участка	уборка снега с участка
уборка участка от мусора	уборка дачного участка от мусора цена
удаление дерева	удаление дерева
удаление дерева	удаление дерева на участке цена
удаление дерева	удаление деревьев 9 букв сканворд
удаление дерева	удаление деревьев в москве
удаление дерева	удаление деревьев москва
удаление дерева	удаление деревьев на участке в московской области
удаление дерева	удаление деревьев ногинск
удаление дерева	удаление деревьев с участка
удаление дерева	удаление поверхностного слоя дерева камня 7 букв
удаление дерева	удаление старой краски с дерева своими руками
удаление деревьев	удаление деревьев
удаление деревьев	удаление деревьев 9 букв сканворд
удаление деревьев	удаление деревьев в москве
удаление деревьев	удаление деревьев в московской области цены
удаление деревьев	удаление деревьев москва
удаление деревьев	удаление деревьев на участке
удаление деревьев	удаление деревьев на участке в московской области
удаление деревьев	удаление деревьев на участке в московской области цены
удаление деревьев	удаление деревьев с участка
удаление деревьев	удаление деревьев цена
удаление деревьев москва	москва маленковская улица 14 корп 3 дровосек- удаление деревьев
удаление деревьев москва	удаление деревьев москва
удаление деревьев цена	удаление дерева на участке цена
удаление деревьев цена	удаление деревьев на участке цена
удаление деревьев цена	удаление деревьев цена
удаление деревьев цена	удаление деревьев цена московская область
удаление деревьев цена	удаление деревьев цена московская область за штуку
удаление деревьев цена	удаление корней деревьев на участке цена
удаление наледи	уборка кровли от снега и наледи цены
удаление наледи	уборка крыш от снега и наледи
удаление наледи	уборка наледи
удаление наледи	уборка наледи с крыши
удаление наледи	уборка снега и наледи
удаление наледи	уборка снега и наледи с крыш
удаление наледи	удаление наледи
удаление наледи	удаление наледи с крыши
удаление пней	удаление пней
удаление пней	удаление пней 8 букв
удаление пней	удаление пней без корчевания
удаление пней	удаление пней на участке
удаление пней	удаление пней на участке своими руками
удаление пней	удаление пней на участке цена в подмосковье
удаление пней	удаление пней с помощью аммиачной селитры
удаление пней	удаление пней селитрой какой лучше
удаление пней	удаление пней фрезой
удаление пней	удаление пней цена
удаление сосулек	удаление сосулек
удаление сосулек	удаление сосулек с крыш
формирующая обрезка	формирующая обрезка вишни
формирующая обрезка	формирующая обрезка груши
формирующая обрезка	формирующая обрезка деревьев
формирующая обрезка	формирующая обрезка метельчатой гортензии
формирующая обрезка	формирующая обрезка пузыреплодника
формирующая обрезка	формирующая обрезка сирени
формирующая обрезка	формирующая обрезка сливы
формирующая обрезка	формирующая обрезка сосны
формирующая обрезка	формирующая обрезка черешни
формирующая обрезка	формирующая обрезка яблони
фрезеровка пня	фрезеровка пня
чистка кровли от снега	очистка крыши от снега в москве
чистка кровли от снега	чистка кровли от снега
чистка кровли от снега	чистка кровли от снега в москве
чистка кровли от снега	чистка кровли от снега в туле
чистка кровли от снега	чистка кровли от снега и наледи
чистка кровли от снега	чистка кровли от снега и наледи цена в москве
чистка кровли от снега	чистка кровли от снега косгу
чистка кровли от снега	чистка кровли от снега москва
чистка кровли от снега	чистка кровли от снега цена
чистка кровли от снега	чистка кровли от снега цена за м2
чистка крыш в москве	чистка снега с крыши в москве
чистка крыш многоквартирных домов	чистка крыш многоквартирных домов от снега
чистка крыш москва	чистка крыши от снега москва
чистка крыш москва	чистка снега с крыш москва
чистка крыш москва	чистка снега с крыши москва
чистка крыш от снега	чистка кровли от снега и наледи цена в москве
чистка крыш от снега	чистка крыш от снега вакансии
чистка крыш от снега	чистка крыш от снега и наледи
чистка крыш от снега	чистка крыш от снега ижевск
чистка крыш от снега	чистка крыш от снега киров
чистка крыш от снега	чистка крыш от снега рязань
чистка крыш от снега	чистка крыш от снега саратов
чистка крыш от снега	чистка крыш от снега фото
чистка крыш от снега	чистка крыш от снега цена
чистка крыш от снега	чистка крыши от снега москва
чистка крыш от снега и наледи	окпд 2 чистка кровли от снега и наледи
чистка крыш от снега и наледи	чистка кровли от снега и наледи
чистка крыш от снега и наледи	чистка кровли от снега и наледи цена
чистка крыш от снега и наледи	чистка кровли от снега и наледи цена в москве
чистка крыш от снега и наледи	чистка крыши от снега и наледи
чистка крыш от снега и наледи	чистка крыши от снега и наледи цены
чистка крыш цена	чистка крыш от снега цена
чистка крыш цена	чистка крыш цена
чистка крыш цена	чистка крыши от снега цена
чистка крыш цена	чистка крыши от снега цена за квадратный метр
чистка крыш цена	чистка крыши цена
чистка крыш цена	чистка снега с крыш цена
чистка крыш цена	чистка снега с крыши цена
чистка крыш цена	чистка снега с крыши цена за м2
чистка крыш цена	чистка снега с крыши частного дома цена
чистка крыши от снега	чистка крыши от снега
чистка крыши от снега	чистка крыши от снега веревкой
чистка крыши от снега	чистка крыши от снега и наледи
чистка крыши от снега	чистка крыши от снега и наледи цены
чистка крыши от снега	чистка крыши от снега ижевск
чистка крыши от снега	чистка крыши от снега москва
чистка крыши от снега	чистка крыши от снега приспособление
чистка крыши от снега	чистка крыши от снега стоимость
чистка крыши от снега	чистка крыши от снега цена
чистка крыши от снега	чистка крыши от снега частного дома
штраф гжи	неисполнение предписания гжи ответственность
штраф гжи	штраф за неисполнение предписания гжи
штраф за сосульки	ответственность за сосульки на балконе
штраф за сосульки	штраф за выход на лед 2026 в спб
штраф за сосульки	штраф за лед лампы в 2026
штраф за сосульки	штраф за лед лампы в фарах 2026
штраф за сосульки	штраф за лед лампы в фарах ближнего света
штраф за сосульки	штраф за несбитые сосульки
штраф за сосульки	штраф за сосульки
штраф за сосульки	штраф за сосульки на балконе
штраф за сосульки	штраф за сосульки на крыше
штраф за сосульки	штраф за установку би лед линз в фары 2026
штраф за спил дерева	штраф за спил дерева
штраф за спил дерева	штраф за спил дерева в городе
штраф за спил дерева	штраф за спил дерева в лесу
штраф за спил дерева	штраф за спил дерева в москве
штраф за спил дерева	штраф за спил дерева в московской области
штраф за спил дерева	штраф за спил дерева во дворе многоквартирного дома
штраф за спил дерева	штраф за спил дерева возле дома
штраф за спил дерева	штраф за спил дерева на своем участке
штраф за спил дерева	штраф за спил дерева на собственном участке
штраф за спил дерева	штраф за спил дерева на собственном участке в московской области
штраф оати	оати штраф 4000 за что
штраф оати	оати штраф 4000 обжаловать
штраф оати	оати штраф за маску
штраф оати	штраф оати за работу без ордера
